page_size,version,request_index,latency_ms,sql_query_count,rows_returned
10,naive,0,15.632,11,10
10,naive,1,10.137,11,10
10,naive,2,9.979,11,10
10,naive,3,13.814,11,10
10,naive,4,9.219,11,10
10,naive,5,9.432,11,10
10,naive,6,9.487,11,10
10,naive,7,11.012,11,10
10,naive,8,11.631,11,10
10,naive,9,9.694,11,10
10,naive,10,9.473,11,10
10,naive,11,10.851,11,10
10,naive,12,8.571,11,10
10,naive,13,8.668,11,10
10,naive,14,9.089,11,10
10,naive,15,9.887,11,10
10,naive,16,10.111,11,10
10,naive,17,9.167,11,10
10,naive,18,10.184,11,10
10,naive,19,9.228,11,10
10,naive,20,10.337,11,10
10,naive,21,8.852,11,10
10,naive,22,9.282,11,10
10,naive,23,8.053,11,10
10,naive,24,8.406,11,10
10,naive,25,8.284,11,10
10,naive,26,9.084,11,10
10,naive,27,9.915,11,10
10,naive,28,8.719,11,10
10,naive,29,10.866,11,10
10,fixed,0,8.996,1,10
10,fixed,1,5.36,1,10
10,fixed,2,4.653,1,10
10,fixed,3,5.043,1,10
10,fixed,4,4.588,1,10
10,fixed,5,4.426,1,10
10,fixed,6,3.928,1,10
10,fixed,7,5.23,1,10
10,fixed,8,4.371,1,10
10,fixed,9,4.551,1,10
10,fixed,10,4.766,1,10
10,fixed,11,4.042,1,10
10,fixed,12,4.59,1,10
10,fixed,13,4.347,1,10
10,fixed,14,4.73,1,10
10,fixed,15,4.491,1,10
10,fixed,16,4.348,1,10
10,fixed,17,4.229,1,10
10,fixed,18,4.354,1,10
10,fixed,19,4.222,1,10
10,fixed,20,4.285,1,10
10,fixed,21,4.381,1,10
10,fixed,22,4.573,1,10
10,fixed,23,4.176,1,10
10,fixed,24,4.202,1,10
10,fixed,25,4.144,1,10
10,fixed,26,4.432,1,10
10,fixed,27,4.098,1,10
10,fixed,28,4.446,1,10
10,fixed,29,4.946,1,10
50,naive,0,33.596,51,50
50,naive,1,28.686,51,50
50,naive,2,27.985,51,50
50,naive,3,29.547,51,50
50,naive,4,29.181,51,50
50,naive,5,29.82,51,50
50,naive,6,32.937,51,50
50,naive,7,33.116,51,50
50,naive,8,32.556,51,50
50,naive,9,32.595,51,50
50,naive,10,32.455,51,50
50,naive,11,34.716,51,50
50,naive,12,32.379,51,50
50,naive,13,32.622,51,50
50,naive,14,27.885,51,50
50,naive,15,29.887,51,50
50,naive,16,29.027,51,50
50,naive,17,28.964,51,50
50,naive,18,33.259,51,50
50,naive,19,29.17,51,50
50,naive,20,30.88,51,50
50,naive,21,32.675,51,50
50,naive,22,33.761,51,50
50,naive,23,31.359,51,50
50,naive,24,29.85,51,50
50,naive,25,30.773,51,50
50,naive,26,32.35,51,50
50,naive,27,28.839,51,50
50,naive,28,23.505,51,50
50,naive,29,24.411,51,50
50,fixed,0,5.035,1,50
50,fixed,1,4.423,1,50
50,fixed,2,4.66,1,50
50,fixed,3,4.43,1,50
50,fixed,4,4.401,1,50
50,fixed,5,4.457,1,50
50,fixed,6,4.648,1,50
50,fixed,7,4.47,1,50
50,fixed,8,4.791,1,50
50,fixed,9,4.944,1,50
50,fixed,10,5.126,1,50
50,fixed,11,4.945,1,50
50,fixed,12,4.762,1,50
50,fixed,13,5.171,1,50
50,fixed,14,4.921,1,50
50,fixed,15,5.361,1,50
50,fixed,16,5.983,1,50
50,fixed,17,5.355,1,50
50,fixed,18,6.091,1,50
50,fixed,19,5.479,1,50
50,fixed,20,5.499,1,50
50,fixed,21,5.568,1,50
50,fixed,22,5.591,1,50
50,fixed,23,5.554,1,50
50,fixed,24,5.543,1,50
50,fixed,25,5.305,1,50
50,fixed,26,5.217,1,50
50,fixed,27,5.289,1,50
50,fixed,28,5.39,1,50
50,fixed,29,5.025,1,50
200,naive,0,120.769,201,200
200,naive,1,121.822,201,200
200,naive,2,122.842,201,200
200,naive,3,132.598,201,200
200,naive,4,141.677,201,200
200,naive,5,158.556,201,200
200,naive,6,134.199,201,200
200,naive,7,141.113,201,200
200,naive,8,131.444,201,200
200,naive,9,143.778,201,200
200,naive,10,149.755,201,200
200,naive,11,141.651,201,200
200,naive,12,120.112,201,200
200,naive,13,114.794,201,200
200,naive,14,106.795,201,200
200,naive,15,102.782,201,200
200,naive,16,109.124,201,200
200,naive,17,107.463,201,200
200,naive,18,105.115,201,200
200,naive,19,104.179,201,200
200,naive,20,107.174,201,200
200,naive,21,96.713,201,200
200,naive,22,91.408,201,200
200,naive,23,94.322,201,200
200,naive,24,96.564,201,200
200,naive,25,94.618,201,200
200,naive,26,94.108,201,200
200,naive,27,94.48,201,200
200,naive,28,97.351,201,200
200,naive,29,94.93,201,200
200,fixed,0,9.732,1,200
200,fixed,1,7.823,1,200
200,fixed,2,7.985,1,200
200,fixed,3,8.222,1,200
200,fixed,4,8.029,1,200
200,fixed,5,8.081,1,200
200,fixed,6,8.854,1,200
200,fixed,7,8.817,1,200
200,fixed,8,9.579,1,200
200,fixed,9,8.522,1,200
200,fixed,10,9.445,1,200
200,fixed,11,9.321,1,200
200,fixed,12,9.542,1,200
200,fixed,13,8.957,1,200
200,fixed,14,9.519,1,200
200,fixed,15,9.402,1,200
200,fixed,16,8.187,1,200
200,fixed,17,8.333,1,200
200,fixed,18,7.988,1,200
200,fixed,19,9.152,1,200
200,fixed,20,8.546,1,200
200,fixed,21,9.468,1,200
200,fixed,22,9.667,1,200
200,fixed,23,9.478,1,200
200,fixed,24,34.717,1,200
200,fixed,25,10.325,1,200
200,fixed,26,9.512,1,200
200,fixed,27,9.302,1,200
200,fixed,28,9.429,1,200
200,fixed,29,9.594,1,200
