technique,question_id,question,expected_source_file,rank,store_score,cosine_sim,chunk_len,preview,source_file,latency_ms
token,q1,"What pathogen caused the June 2026 soft cheese (requeson) outbreak linked to Clover Hill Dairy, and how many people died?",fda_outbreak_listeria_soft_cheese_2026.txt,1,0.720782,0.712961,620,## Overview The FDA and CDC investigated a multi-state outbreak of Listeria monocytogenes infections linked to requeson (soft ricotta-style cheese) manufactured,fda_outbreak_listeria_soft_cheese_2026.txt,18.421
token,q1,"What pathogen caused the June 2026 soft cheese (requeson) outbreak linked to Clover Hill Dairy, and how many people died?",fda_outbreak_listeria_soft_cheese_2026.txt,2,0.715255,0.675308,709,"Mexicano products under La Colonia and Selectos Latinos brands; distributed to Maryland, Virginia, and Washington D.C. from May 11 to June 1, 2026. Nelson & Isa",fda_outbreak_listeria_soft_cheese_2026.txt,18.421
token,q1,"What pathogen caused the June 2026 soft cheese (requeson) outbreak linked to Clover Hill Dairy, and how many people died?",fda_outbreak_listeria_soft_cheese_2026.txt,3,0.690888,0.661852,522,"positive for outbreak strain Listeria monocytogenes. Of interviewed individuals, most reported consuming cheese, with several specifically consuming Clover Hill",fda_outbreak_listeria_soft_cheese_2026.txt,18.421
token,q1,"What pathogen caused the June 2026 soft cheese (requeson) outbreak linked to Clover Hill Dairy, and how many people died?",fda_outbreak_listeria_soft_cheese_2026.txt,4,0.615822,0.586718,444,Investigations Date Posted Reference # Pathogen or Cause of Illness Product(s) Linked to Illnesses (if any) Total Case Count Investigation Status Outbreak/ Even,fda_outbreaks_investigations_index.txt,18.421
token,q1,"What pathogen caused the June 2026 soft cheese (requeson) outbreak linked to Clover Hill Dairy, and how many people died?",fda_outbreak_listeria_soft_cheese_2026.txt,5,0.608269,0.47948,597,"Recalled Products & Manufacturers Clover Hill Dairy, LLC (Primary source) Recalled all cheese products manufactured at their facility, including soft ricotta/re",fda_outbreak_listeria_soft_cheese_2026.txt,18.421
token,q2,"Which company's pistachio nut butter was elevated to a Class I recall in August 2026, and which retailer sold it?",news_nutbutter_salmonella_botticelli_2026.txt,1,0.668647,0.774998,626,"Published: Aug 27, 2026. Updated: Aug 27, 2026. The FDA elevated a pistachio nut butter recall to Class I status on August 26, 2026 -- its most serious risk cla",news_nutbutter_salmonella_botticelli_2026.txt,15.374
token,q2,"Which company's pistachio nut butter was elevated to a Class I recall in August 2026, and which retailer sold it?",news_nutbutter_salmonella_botticelli_2026.txt,2,0.579836,0.584562,726,between May 25th and July 13th which failed to declare soy flour (soy) as an ingredient. | Distribution: These were made in house at Whole Foods Market location,openfda_enforcement_bulk_records.txt,15.374
token,q2,"Which company's pistachio nut butter was elevated to a Class I recall in August 2026, and which retailer sold it?",news_nutbutter_salmonella_botticelli_2026.txt,3,0.513909,0.605587,559,"and Dominica Recall #F-0370-2013 | Class I | Firm: Sunland, Incorporated (Portales, NM) | Initiated: 20120924 | Product: Sunland Creamy Peanut Butter, 12 oz, UP",openfda_enforcement_bulk_records.txt,15.374
token,q2,"Which company's pistachio nut butter was elevated to a Class I recall in August 2026, and which retailer sold it?",news_nutbutter_salmonella_botticelli_2026.txt,4,0.500971,0.580029,741,"| Class I | Firm: Sunland, Incorporated (Portales, NM) | Initiated: 20120924 | Product: Cadia All Natural Creamy Peanut Butter No Stir, 18 oz, UPC 815369010993.",openfda_enforcement_bulk_records.txt,15.374
token,q2,"Which company's pistachio nut butter was elevated to a Class I recall in August 2026, and which retailer sold it?",news_nutbutter_salmonella_botticelli_2026.txt,5,0.499736,0.554461,691,"and Dominica Recall #F-2044-2016 | Class I | Firm: Superior Dairy Inc (Canton, OH) | Initiated: 20160803 | Product: Mint Chocolate Chip Devils Food Rollcake -89",openfda_enforcement_bulk_records.txt,15.374
token,q3,What shared supplier link did investigators find between the 2026 Nara Organics infant formula botulism outbreak and the earlier ByHeart formula outbreak?,fda_outbreak_infant_botulism_formula_2026.txt,1,0.734821,0.720674,665,"Key Dates: Investigation Period June-August 2026. Illness Onset April-May 2026. Last Illness Onset May 31, 2026. Recall Date June 13, 2026. Outbreak Declared Ov",fda_outbreak_infant_botulism_formula_2026.txt,15.672
token,q3,What shared supplier link did investigators find between the 2026 Nara Organics infant formula botulism outbreak and the earlier ByHeart formula outbreak?,fda_outbreak_infant_botulism_formula_2026.txt,2,0.701363,0.559847,748,Organics Whole Milk Organic Powdered Infant Formula. Recalled products should no longer be available for sale. Recalled product has Best By dates ending in 2027,fda_outbreak_infant_botulism_formula_2026.txt,15.672
token,q3,What shared supplier link did investigators find between the 2026 Nara Organics infant formula botulism outbreak and the earlier ByHeart formula outbreak?,fda_outbreak_infant_botulism_formula_2026.txt,3,0.677816,0.429881,155,botulism appear. Refund Process: Automatic refunds for May-June 2026 website purchases; others may request refunds via Nara's website or return to Target.,fda_recall_nara_organics_infant_formula_2026.txt,15.672
token,q3,What shared supplier link did investigators find between the 2026 Nara Organics infant formula botulism outbreak and the earlier ByHeart formula outbreak?,fda_outbreak_infant_botulism_formula_2026.txt,4,0.670668,0.62027,419,"Company Name: Nara Organics of New York, NY Product: Nara Organics Whole Milk Powdered Infant Formula Sizes and UPCs: - 700g, UPC 860013251901 - 400g, UPC 86001",fda_recall_nara_organics_infant_formula_2026.txt,15.672
token,q3,What shared supplier link did investigators find between the 2026 Nara Organics infant formula botulism outbreak and the earlier ByHeart formula outbreak?,fda_outbreak_infant_botulism_formula_2026.txt,5,0.663338,0.581068,629,"709125273E14F2, 709125280E14F2, 709125288E14F2, 409125307E14F2, 70926019ENNB, 70926029ENNB, 70926035ENNB, 70926039ENNB, 70926042ENNB Distribution: distributed n",fda_recall_nara_organics_infant_formula_2026.txt,15.672
token,q4,"How many U.S. states were affected by the July 2026 Cyclospora outbreak linked to iceberg lettuce from Taylor Farms de Mexico, and how many deaths occurred?",fda_outbreak_cyclospora_iceberg_lettuce_2026.txt,1,0.760914,0.728318,579,"## Title and Status CDC declared the outbreak concluded as of September 11, 2026, though FDA continues investigating. ## Summary The FDA and CDC collaborated wi",fda_outbreak_cyclospora_iceberg_lettuce_2026.txt,15.141
token,q4,"How many U.S. states were affected by the July 2026 Cyclospora outbreak linked to iceberg lettuce from Taylor Farms de Mexico, and how many deaths occurred?",fda_outbreak_cyclospora_iceberg_lettuce_2026.txt,2,0.741824,0.575721,517,items sold at Walmart: - 12-oz and 24-oz Iceberg Salad with Best if Used By dates 7/18/2026 to 8/3/2026 - 8-oz and 16-oz Shredded Lettuce with Best if Used By d,fda_outbreak_cyclospora_iceberg_lettuce_2026.txt,15.141
token,q4,"How many U.S. states were affected by the July 2026 Cyclospora outbreak linked to iceberg lettuce from Taylor Farms de Mexico, and how many deaths occurred?",fda_outbreak_cyclospora_iceberg_lettuce_2026.txt,3,0.699608,0.567996,705,"570 hospitalizations and 2 deaths. States included: Arkansas, Georgia, Iowa, Illinois, Indiana, Kansas, Kentucky, Massachusetts, Maine, Michigan, Missouri, Nebr",fda_outbreak_cyclospora_iceberg_lettuce_2026.txt,15.141
token,q4,"How many U.S. states were affected by the July 2026 Cyclospora outbreak linked to iceberg lettuce from Taylor Farms de Mexico, and how many deaths occurred?",fda_outbreak_cyclospora_iceberg_lettuce_2026.txt,4,0.682032,0.450858,308,"Recommendations People with symptoms should contact their health care provider to report symptoms and receive care, especially if they ate shredded iceberg lett",fda_outbreak_cyclospora_iceberg_lettuce_2026.txt,15.141
token,q4,"How many U.S. states were affected by the July 2026 Cyclospora outbreak linked to iceberg lettuce from Taylor Farms de Mexico, and how many deaths occurred?",fda_outbreak_cyclospora_iceberg_lettuce_2026.txt,5,0.639829,0.65251,744,"the outbreak of Cyclospora (ref #1392), the case count has increased from 231 to 234. For the outbreak of Cyclospora (ref #1390) linked to iceberg lettuce, the ",fda_outbreaks_investigations_index.txt,15.141
token,q5,"According to the CDC, roughly how many Salmonella infections occur in the U.S. every year, and what are the most common food sources?",cdc_about_salmonella.txt,1,0.700326,0.625954,748,"CDC estimates Salmonella causes about 1.35 million infections in the United States every year, along with 26,500 hospitalizations and 420 deaths. Most people de",cdc_about_salmonella.txt,16.298
token,q5,"According to the CDC, roughly how many Salmonella infections occur in the U.S. every year, and what are the most common food sources?",cdc_about_salmonella.txt,2,0.644246,0.511514,537,"January 19, 2024, CDC announced that the outbreak is over. CDC reports a total of 407 illnesses in 44 states. There has been a total of 158 hospitalizations and",fda_outbreak_salmonella_cantaloupes_2023.txt,16.298
token,q5,"According to the CDC, roughly how many Salmonella infections occur in the U.S. every year, and what are the most common food sources?",cdc_about_salmonella.txt,3,0.609132,0.577888,493,Investigations Date Posted Reference # Pathogen or Cause of Illness Product(s) Linked to Illnesses (if any) Total Case Count Investigation Status Outbreak/ Even,fda_outbreaks_investigations_index.txt,16.298
token,q5,"According to the CDC, roughly how many Salmonella infections occur in the U.S. every year, and what are the most common food sources?",cdc_about_salmonella.txt,4,0.603651,0.573808,789,"linked to recalled cantaloupe. As part of this investigation, FDA and industry partners worked together to collect and analyze samples of cantaloupe. Two of the",fda_outbreak_salmonella_cantaloupes_2023.txt,16.298
token,q5,"According to the CDC, roughly how many Salmonella infections occur in the U.S. every year, and what are the most common food sources?",cdc_about_salmonella.txt,5,0.589951,0.556007,487,Investigations Date Posted Reference # Pathogen or Cause of Illness Product(s) Linked to Illnesses (if any) Total Case Count Investigation Status Outbreak/ Even,fda_outbreaks_investigations_index.txt,16.298
token,q6,What precautions reduce E. coli contamination risk in ground beef at a grocery store?,NONE (no matching document exists in the corpus -- intentional probe question),1,0.667772,0.561986,742,"will be posted on the FSIS website at www.fsis.usda.gov/recalls . FSIS advises all consumers to safely prepare their raw meat products, including fresh and froz",fsis_ground_beef_ecoli_2026.txt,15.562
token,q6,What precautions reduce E. coli contamination risk in ground beef at a grocery store?,NONE (no matching document exists in the corpus -- intentional probe question),2,0.644306,0.529123,874,"but is most common in children under 5 years old, older adults and persons with weakened immune systems. It is marked by easy bruising, pallor and decreased uri",fsis_ground_beef_ecoli_2026.txt,15.562
token,q6,What precautions reduce E. coli contamination risk in ground beef at a grocery store?,NONE (no matching document exists in the corpus -- intentional probe question),3,0.640863,0.491717,693,Recall Cases in Calendar Year 2015 Summary of Recall Cases in Calendar Year 2014 Summary of Recall Cases in Calendar Year 2013 Summary of Recall Cases in Calend,fsis_ground_beef_ecoli_2026.txt,15.562
token,q6,What precautions reduce E. coli contamination risk in ground beef at a grocery store?,NONE (no matching document exists in the corpus -- intentional probe question),4,0.632541,0.576458,670,"E. coli are bacteria found in intestines and the environment. Most strains are harmless, but some cause diarrhea and serious conditions. Infection with Shiga to",cdc_about_ecoli.txt,15.562
token,q6,What precautions reduce E. coli contamination risk in ground beef at a grocery store?,NONE (no matching document exists in the corpus -- intentional probe question),5,0.632111,0.655045,669,"a Problem with Food Online If you have a problem with a food product, let FSIS know or find the appropriate public health organization. Report Problem 042-2025 ",fsis_ground_beef_ecoli_2026.txt,15.562
semantic,q1,"What pathogen caused the June 2026 soft cheese (requeson) outbreak linked to Clover Hill Dairy, and how many people died?",fda_outbreak_listeria_soft_cheese_2026.txt,1,0.713577,0.669146,602,"## Investigation Findings Six product samples and environmental samples tested positive for outbreak strain Listeria monocytogenes. Of interviewed individuals, ",fda_outbreak_listeria_soft_cheese_2026.txt,9.877
semantic,q1,"What pathogen caused the June 2026 soft cheese (requeson) outbreak linked to Clover Hill Dairy, and how many people died?",fda_outbreak_listeria_soft_cheese_2026.txt,2,0.697684,0.632791,1398,## Overview The FDA and CDC investigated a multi-state outbreak of Listeria monocytogenes infections linked to requeson (soft ricotta-style cheese) manufactured,fda_outbreak_listeria_soft_cheese_2026.txt,9.877
semantic,q1,"What pathogen caused the June 2026 soft cheese (requeson) outbreak linked to Clover Hill Dairy, and how many people died?",fda_outbreak_listeria_soft_cheese_2026.txt,3,0.549028,0.571647,2888,"OUS: HONDURAS, NICARAGUA, CHILE. Recall #F-1572-2016 | Class I | Firm: Hy-Vee Stores Inc (West Des Moines, IA) | Initiated: 20160303 | Product: Whole wheels and",openfda_enforcement_bulk_records.txt,9.877
semantic,q1,"What pathogen caused the June 2026 soft cheese (requeson) outbreak linked to Clover Hill Dairy, and how many people died?",fda_outbreak_listeria_soft_cheese_2026.txt,4,0.526689,0.550757,2748,"Recall #F-1656-2017 | Class I | Firm: Sargento Foods, Inc. (Plymouth, WI) | Initiated: 20170210 | Product: Sargento Shredded Chef Blends 4 Cheese Pizzeria, 8oz.",openfda_enforcement_bulk_records.txt,9.877
semantic,q1,"What pathogen caused the June 2026 soft cheese (requeson) outbreak linked to Clover Hill Dairy, and how many people died?",fda_outbreak_listeria_soft_cheese_2026.txt,5,0.518243,0.480693,709,"| Distribution: The product was distributed nationwide. Recall #F-2543-2015 | Class I | Firm: Blue Bell Creameries, L.P. (Brenham, TX) | Initiated: 20150313 | P",openfda_enforcement_bulk_records.txt,9.877
semantic,q2,"Which company's pistachio nut butter was elevated to a Class I recall in August 2026, and which retailer sold it?",news_nutbutter_salmonella_botticelli_2026.txt,1,0.622073,0.656914,1331,"Updated: Aug 27, 2026. The FDA elevated a pistachio nut butter recall to Class I status on August 26, 2026 -- its most serious risk classification. According to",news_nutbutter_salmonella_botticelli_2026.txt,9.721
semantic,q2,"Which company's pistachio nut butter was elevated to a Class I recall in August 2026, and which retailer sold it?",news_nutbutter_salmonella_botticelli_2026.txt,2,0.495775,0.502497,1251,"Distribution was also made to Canada. Recall #F-0369-2013 | Class I | Firm: Sunland, Incorporated (Portales, NM) | Initiated: 20120924 | Product: Sunland Creamy",openfda_enforcement_bulk_records.txt,9.721
semantic,q2,"Which company's pistachio nut butter was elevated to a Class I recall in August 2026, and which retailer sold it?",news_nutbutter_salmonella_botticelli_2026.txt,3,0.486213,0.540627,9347,"Thomas and St. Croix, Anguilla, St, Kitts and Nevis, Montserrat, and Dominica Recall #F-0370-2013 | Class I | Firm: Sunland, Incorporated (Portales, NM) | Initi",openfda_enforcement_bulk_records.txt,9.721
semantic,q2,"Which company's pistachio nut butter was elevated to a Class I recall in August 2026, and which retailer sold it?",news_nutbutter_salmonella_botticelli_2026.txt,4,0.484095,0.156945,25,"Published: Aug 27, 2026.",news_nutbutter_salmonella_botticelli_2026.txt,9.721
semantic,q2,"Which company's pistachio nut butter was elevated to a Class I recall in August 2026, and which retailer sold it?",news_nutbutter_salmonella_botticelli_2026.txt,5,0.47536,0.505701,941,"Thomas and St. Croix, Anguilla, St, Kitts and Nevis, Montserrat, and Dominica Recall #F-2044-2016 | Class I | Firm: Superior Dairy Inc (Canton, OH) | Initiated:",openfda_enforcement_bulk_records.txt,9.721
semantic,q3,What shared supplier link did investigators find between the 2026 Nara Organics infant formula botulism outbreak and the earlier ByHeart formula outbreak?,fda_outbreak_infant_botulism_formula_2026.txt,1,0.731538,0.69797,837,"Key Dates: Investigation Period June-August 2026. Illness Onset April-May 2026. Last Illness Onset May 31, 2026. Recall Date June 13, 2026. Outbreak Declared Ov",fda_outbreak_infant_botulism_formula_2026.txt,9.543
semantic,q3,What shared supplier link did investigators find between the 2026 Nara Organics infant formula botulism outbreak and the earlier ByHeart formula outbreak?,fda_outbreak_infant_botulism_formula_2026.txt,2,0.722384,0.594913,154,"Product: Nara Organics Whole Milk Organic Infant Formula (recalled June 13, 2026). Cases: 4 confirmed cases across 3 states, all hospitalized, no deaths.",cdc_outbreak_infant_botulism_formula_2026.txt,9.543
semantic,q3,What shared supplier link did investigators find between the 2026 Nara Organics infant formula botulism outbreak and the earlier ByHeart formula outbreak?,fda_outbreak_infant_botulism_formula_2026.txt,3,0.670668,0.609825,731,"Company Name: Nara Organics of New York, NY Product: Nara Organics Whole Milk Powdered Infant Formula Sizes and UPCs: - 700g, UPC 860013251901 - 400g, UPC 86001",fda_recall_nara_organics_infant_formula_2026.txt,9.543
semantic,q3,What shared supplier link did investigators find between the 2026 Nara Organics infant formula botulism outbreak and the earlier ByHeart formula outbreak?,fda_outbreak_infant_botulism_formula_2026.txt,4,0.663843,0.513553,292,Consumer Guidance: Customers should stop using the affected products immediately and contact healthcare providers if symptoms of infant botulism appear. Refund ,fda_recall_nara_organics_infant_formula_2026.txt,9.543
semantic,q3,What shared supplier link did investigators find between the 2026 Nara Organics infant formula botulism outbreak and the earlier ByHeart formula outbreak?,fda_outbreak_infant_botulism_formula_2026.txt,5,0.651323,0.646312,869,"Hospitalizations 4. Deaths 0. States Affected: California, Pennsylvania, Washington. Investigation Findings: Genetic analysis revealed one clinical sample from ",fda_outbreak_infant_botulism_formula_2026.txt,9.543
semantic,q4,"How many U.S. states were affected by the July 2026 Cyclospora outbreak linked to iceberg lettuce from Taylor Farms de Mexico, and how many deaths occurred?",fda_outbreak_cyclospora_iceberg_lettuce_2026.txt,1,0.758688,0.762882,902,"## Title and Status CDC declared the outbreak concluded as of September 11, 2026, though FDA continues investigating. ## Summary The FDA and CDC collaborated wi",fda_outbreak_cyclospora_iceberg_lettuce_2026.txt,9.486
semantic,q4,"How many U.S. states were affected by the July 2026 Cyclospora outbreak linked to iceberg lettuce from Taylor Farms de Mexico, and how many deaths occurred?",fda_outbreak_cyclospora_iceberg_lettuce_2026.txt,2,0.672228,0.53097,784,"States included: Arkansas, Georgia, Iowa, Illinois, Indiana, Kansas, Kentucky, Massachusetts, Maine, Michigan, Missouri, Nebraska, New Hampshire, North Carolina",fda_outbreak_cyclospora_iceberg_lettuce_2026.txt,9.486
semantic,q4,"How many U.S. states were affected by the July 2026 Cyclospora outbreak linked to iceberg lettuce from Taylor Farms de Mexico, and how many deaths occurred?",fda_outbreak_cyclospora_iceberg_lettuce_2026.txt,3,0.510311,0.440515,2153,"This is an ongoing investigation and additional information will be provided as it becomes available. November 16, 2021 The FDA and CDC, in collaboration with s",fda_outbreak_ecoli_spinach_2021.txt,9.486
semantic,q4,"How many U.S. states were affected by the July 2026 Cyclospora outbreak linked to iceberg lettuce from Taylor Farms de Mexico, and how many deaths occurred?",fda_outbreak_cyclospora_iceberg_lettuce_2026.txt,4,0.504992,0.485216,1208,Outbreak Investigation of E. Coli O157:H7 - Spinach (November 2021) | FDA Skip to main content Skip to FDA Search Skip to in this section menu Skip to footer li,fda_outbreak_ecoli_spinach_2021.txt,9.486
semantic,q4,"How many U.S. states were affected by the July 2026 Cyclospora outbreak linked to iceberg lettuce from Taylor Farms de Mexico, and how many deaths occurred?",fda_outbreak_cyclospora_iceberg_lettuce_2026.txt,5,0.48846,0.506505,813,"For both investigations, CDC, FDA, and state and local partners conducted epidemiologic and traceback investigations and collected and analyzed product and envi",fda_outbreaks_investigations_index.txt,9.486
semantic,q5,"According to the CDC, roughly how many Salmonella infections occur in the U.S. every year, and what are the most common food sources?",cdc_about_salmonella.txt,1,0.712752,0.61154,472,"CDC estimates Salmonella causes about 1.35 million infections in the United States every year, along with 26,500 hospitalizations and 420 deaths. Most people de",cdc_about_salmonella.txt,9.933
semantic,q5,"According to the CDC, roughly how many Salmonella infections occur in the U.S. every year, and what are the most common food sources?",cdc_about_salmonella.txt,2,0.66532,0.370003,277,Most people recover on their own with rest and fluids; severe cases may need antibiotics or hospitalization. Prevention centers on cooking food to safe temperat,cdc_about_salmonella.txt,9.933
semantic,q5,"According to the CDC, roughly how many Salmonella infections occur in the U.S. every year, and what are the most common food sources?",cdc_about_salmonella.txt,3,0.617712,0.42987,425,"Status: The investigation concluded with the CDC declaring the outbreak over and FDA closing its investigation as of September 3, 2026. Key Dates: - Illness ons",fda_outbreak_salmonella_eggs_2026.txt,9.933
semantic,q5,"According to the CDC, roughly how many Salmonella infections occur in the U.S. every year, and what are the most common food sources?",cdc_about_salmonella.txt,4,0.609028,0.398805,158,"This outbreak is over. 113 cases across 23 states, 28 hospitalizations, 0 deaths. The outbreak involved whole fresh cucumbers grown by Agrotato, S.A. de C.V.",cdc_outbreak_cucumbers_salmonella_2024.txt,9.933
semantic,q5,"According to the CDC, roughly how many Salmonella infections occur in the U.S. every year, and what are the most common food sources?",cdc_about_salmonella.txt,5,0.570667,0.53295,1081,"Listeria are bacteria (germs) that can contaminate many foods. The infection is rare but serious, though preventable through proper food safety practices. At-Ri",cdc_about_listeria.txt,9.933
semantic,q6,What precautions reduce E. coli contamination risk in ground beef at a grocery store?,NONE (no matching document exists in the corpus -- intentional probe question),1,0.674602,0.608973,2214,Persons who experience these symptoms should seek emergency medical care immediately. FSIS is concerned that some product may be in consumers’ refrigerators or ,fsis_ground_beef_ecoli_2026.txt,9.348
semantic,q6,What precautions reduce E. coli contamination risk in ground beef at a grocery store?,NONE (no matching document exists in the corpus -- intentional probe question),2,0.649521,0.544526,247,"Transmission occurs through contaminated food, water, or contact with animals and people. Common food sources include undercooked ground beef, unpasteurized mil",cdc_about_ecoli.txt,9.348
semantic,q6,What precautions reduce E. coli contamination risk in ground beef at a grocery store?,NONE (no matching document exists in the corpus -- intentional probe question),3,0.60156,0.625787,244,"Mountain West Food Group, LLC Recalls Ground Beef Products Due To Possible E. Coli O26 Contamination | Food Safety and Inspection Service Sorry, you need to ena",fsis_ground_beef_ecoli_2026.txt,9.348
semantic,q6,What precautions reduce E. coli contamination risk in ground beef at a grocery store?,NONE (no matching document exists in the corpus -- intentional probe question),4,0.562906,0.311536,7440,"Federal government websites often end in .gov or .mil. Before sharing sensitive information, make sure you’re on a federal government site. The site is secure. ",fsis_ground_beef_ecoli_2026.txt,9.348
semantic,q6,What precautions reduce E. coli contamination risk in ground beef at a grocery store?,NONE (no matching document exists in the corpus -- intentional probe question),5,0.560854,0.621589,2116,This type of product co-mingling is not uncommon; but continues to present challenges for traceback investigations of foodborne outbreaks. Recommendation CDC an,fda_outbreak_ecoli_spinach_2021.txt,9.348
sentence_window,q1,"What pathogen caused the June 2026 soft cheese (requeson) outbreak linked to Clover Hill Dairy, and how many people died?",fda_outbreak_listeria_soft_cheese_2026.txt,1,0.787807,0.674659,921,"Nelson & Isa Lacteos, LLC (June 5, 2026 recall) Requeson cheese sold to New York retail locations from May 15 to May 28, 2026. ## Distribution Areas Confirmed p",fda_outbreak_listeria_soft_cheese_2026.txt,38.383
sentence_window,q1,"What pathogen caused the June 2026 soft cheese (requeson) outbreak linked to Clover Hill Dairy, and how many people died?",fda_outbreak_listeria_soft_cheese_2026.txt,2,0.706408,0.68773,847,## Overview The FDA and CDC investigated a multi-state outbreak of Listeria monocytogenes infections linked to requeson (soft ricotta-style cheese) manufactured,fda_outbreak_listeria_soft_cheese_2026.txt,38.383
sentence_window,q1,"What pathogen caused the June 2026 soft cheese (requeson) outbreak linked to Clover Hill Dairy, and how many people died?",fda_outbreak_listeria_soft_cheese_2026.txt,3,0.674144,0.633489,1058,## Overview The FDA and CDC investigated a multi-state outbreak of Listeria monocytogenes infections linked to requeson (soft ricotta-style cheese) manufactured,fda_outbreak_listeria_soft_cheese_2026.txt,38.383
sentence_window,q1,"What pathogen caused the June 2026 soft cheese (requeson) outbreak linked to Clover Hill Dairy, and how many people died?",fda_outbreak_listeria_soft_cheese_2026.txt,4,0.663252,0.646916,817,"La Ceiba Foods Latin Market Inc. (June 26, 2026 recall) Requeson Salvadoreno and Requeson Mexicano products under La Colonia and Selectos Latinos brands; distri",fda_outbreak_listeria_soft_cheese_2026.txt,38.383
sentence_window,q1,"What pathogen caused the June 2026 soft cheese (requeson) outbreak linked to Clover Hill Dairy, and how many people died?",fda_outbreak_listeria_soft_cheese_2026.txt,5,0.657992,0.553621,1126,"## Case Statistics - Total Illnesses: 15 - Hospitalizations: 14 - Deaths: 1 - States Affected: Illinois, Maryland, New York, Virginia - Illness Onset Period: Ma",fda_outbreak_listeria_soft_cheese_2026.txt,38.383
sentence_window,q2,"Which company's pistachio nut butter was elevated to a Class I recall in August 2026, and which retailer sold it?",news_nutbutter_salmonella_botticelli_2026.txt,1,0.621115,0.719109,897,"Published: Aug 27, 2026. Updated: Aug 27, 2026. The FDA elevated a pistachio nut butter recall to Class I status on August 26, 2026 -- its most serious risk cla",news_nutbutter_salmonella_botticelli_2026.txt,35.698
sentence_window,q2,"Which company's pistachio nut butter was elevated to a Class I recall in August 2026, and which retailer sold it?",news_nutbutter_salmonella_botticelli_2026.txt,2,0.600201,0.66389,1186,"Updated: Aug 27, 2026. The FDA elevated a pistachio nut butter recall to Class I status on August 26, 2026 -- its most serious risk classification. According to",news_nutbutter_salmonella_botticelli_2026.txt,35.698
sentence_window,q2,"Which company's pistachio nut butter was elevated to a Class I recall in August 2026, and which retailer sold it?",news_nutbutter_salmonella_botticelli_2026.txt,3,0.51425,0.600906,993,"Company: Botticelli Foods LLC Product: Bettergoods Pistachio Nut Butter (6.7oz/190g jars) Units Affected: 16,200 jars Retailer: Walmart stores across 19 states ",news_nutbutter_salmonella_botticelli_2026.txt,35.698
sentence_window,q2,"Which company's pistachio nut butter was elevated to a Class I recall in August 2026, and which retailer sold it?",news_nutbutter_salmonella_botticelli_2026.txt,4,0.512716,0.453045,2090,The table below includes recalls conducted by companies that further processed the peanut butter by using it as an ingredient in new products or by repackaging ,fda_recall_peanut_butter_smucker_2022.txt,35.698
sentence_window,q2,"Which company's pistachio nut butter was elevated to a Class I recall in August 2026, and which retailer sold it?",news_nutbutter_salmonella_botticelli_2026.txt,5,0.506075,0.539259,1188,"According to federal guidelines, this designation applies when there is a ""reasonable probability that use of or exposure to a product will cause serious advers",news_nutbutter_salmonella_botticelli_2026.txt,35.698
sentence_window,q3,What shared supplier link did investigators find between the 2026 Nara Organics infant formula botulism outbreak and the earlier ByHeart formula outbreak?,fda_outbreak_infant_botulism_formula_2026.txt,1,0.759491,0.710526,547,"Last Illness Onset May 31, 2026. Recall Date June 13, 2026. Outbreak Declared Over August 27, 2026. Summary: The FDA and CDC investigated a multistate outbreak ",fda_outbreak_infant_botulism_formula_2026.txt,35.143
sentence_window,q3,What shared supplier link did investigators find between the 2026 Nara Organics infant formula botulism outbreak and the earlier ByHeart formula outbreak?,fda_outbreak_infant_botulism_formula_2026.txt,2,0.753269,0.708712,565,"Recall Date June 13, 2026. Outbreak Declared Over August 27, 2026. Summary: The FDA and CDC investigated a multistate outbreak of infant botulism linked to Nara",fda_outbreak_infant_botulism_formula_2026.txt,35.143
sentence_window,q3,What shared supplier link did investigators find between the 2026 Nara Organics infant formula botulism outbreak and the earlier ByHeart formula outbreak?,fda_outbreak_infant_botulism_formula_2026.txt,3,0.734448,0.610645,232,"Product: Nara Organics Whole Milk Organic Infant Formula (recalled June 13, 2026). Cases: 4 confirmed cases across 3 states, all hospitalized, no deaths. Status",cdc_outbreak_infant_botulism_formula_2026.txt,35.143
sentence_window,q3,What shared supplier link did investigators find between the 2026 Nara Organics infant formula botulism outbreak and the earlier ByHeart formula outbreak?,fda_outbreak_infant_botulism_formula_2026.txt,4,0.731668,0.597408,749,"Deaths 0. States Affected: California, Pennsylvania, Washington. Investigation Findings: Genetic analysis revealed one clinical sample from an infant in this ou",fda_outbreak_infant_botulism_formula_2026.txt,35.143
sentence_window,q3,What shared supplier link did investigators find between the 2026 Nara Organics infant formula botulism outbreak and the earlier ByHeart formula outbreak?,fda_outbreak_infant_botulism_formula_2026.txt,5,0.722829,0.531163,386,Product Recalled: Nara Organics Whole Milk Organic Powdered Infant Formula. Recalled products should no longer be available for sale. Recalled product has Best ,fda_outbreak_infant_botulism_formula_2026.txt,35.143
sentence_window,q4,"How many U.S. states were affected by the July 2026 Cyclospora outbreak linked to iceberg lettuce from Taylor Farms de Mexico, and how many deaths occurred?",fda_outbreak_cyclospora_iceberg_lettuce_2026.txt,1,0.795066,0.729501,1252,## Summary The FDA and CDC collaborated with state and local partners to investigate a multistate Cyclospora outbreak linked to iceberg lettuce from central Mex,fda_outbreak_cyclospora_iceberg_lettuce_2026.txt,34.518
sentence_window,q4,"How many U.S. states were affected by the July 2026 Cyclospora outbreak linked to iceberg lettuce from Taylor Farms de Mexico, and how many deaths occurred?",fda_outbreak_cyclospora_iceberg_lettuce_2026.txt,2,0.789594,0.63775,1301,"Taylor Farms de Mexico announced that they were voluntarily removing all iceberg lettuce sourced from central Mexico on July 17, 2026. ## Products Involved Reca",fda_outbreak_cyclospora_iceberg_lettuce_2026.txt,34.518
sentence_window,q4,"How many U.S. states were affected by the July 2026 Cyclospora outbreak linked to iceberg lettuce from Taylor Farms de Mexico, and how many deaths occurred?",fda_outbreak_cyclospora_iceberg_lettuce_2026.txt,3,0.787428,0.772926,1147,"## Title and Status CDC declared the outbreak concluded as of September 11, 2026, though FDA continues investigating. ## Summary The FDA and CDC collaborated wi",fda_outbreak_cyclospora_iceberg_lettuce_2026.txt,34.518
sentence_window,q4,"How many U.S. states were affected by the July 2026 Cyclospora outbreak linked to iceberg lettuce from Taylor Farms de Mexico, and how many deaths occurred?",fda_outbreak_cyclospora_iceberg_lettuce_2026.txt,4,0.745141,0.762882,906,"## Title and Status CDC declared the outbreak concluded as of September 11, 2026, though FDA continues investigating. ## Summary The FDA and CDC collaborated wi",fda_outbreak_cyclospora_iceberg_lettuce_2026.txt,34.518
sentence_window,q4,"How many U.S. states were affected by the July 2026 Cyclospora outbreak linked to iceberg lettuce from Taylor Farms de Mexico, and how many deaths occurred?",fda_outbreak_cyclospora_iceberg_lettuce_2026.txt,5,0.711876,0.70843,772,"## Title and Status CDC declared the outbreak concluded as of September 11, 2026, though FDA continues investigating. ## Summary The FDA and CDC collaborated wi",fda_outbreak_cyclospora_iceberg_lettuce_2026.txt,34.518
sentence_window,q5,"According to the CDC, roughly how many Salmonella infections occur in the U.S. every year, and what are the most common food sources?",cdc_about_salmonella.txt,1,0.776705,0.61154,475,"CDC estimates Salmonella causes about 1.35 million infections in the United States every year, along with 26,500 hospitalizations and 420 deaths. Most people de",cdc_about_salmonella.txt,34.491
sentence_window,q5,"According to the CDC, roughly how many Salmonella infections occur in the U.S. every year, and what are the most common food sources?",cdc_about_salmonella.txt,2,0.64196,0.631073,548,"One isolate tested positive for Salmonella Newport; however, it was not associated with the outbreak. Industry’s cooperation in collecting and sharing samples w",fda_outbreak_salmonella_cantaloupes_2023.txt,34.491
sentence_window,q5,"According to the CDC, roughly how many Salmonella infections occur in the U.S. every year, and what are the most common food sources?",cdc_about_salmonella.txt,3,0.641589,0.625954,754,"CDC estimates Salmonella causes about 1.35 million infections in the United States every year, along with 26,500 hospitalizations and 420 deaths. Most people de",cdc_about_salmonella.txt,34.491
sentence_window,q5,"According to the CDC, roughly how many Salmonella infections occur in the U.S. every year, and what are the most common food sources?",cdc_about_salmonella.txt,4,0.620876,0.470257,527,"Status: The investigation concluded with the CDC declaring the outbreak over and FDA closing its investigation as of September 3, 2026. Key Dates: - Illness ons",fda_outbreak_salmonella_eggs_2026.txt,34.491
sentence_window,q5,"According to the CDC, roughly how many Salmonella infections occur in the U.S. every year, and what are the most common food sources?",cdc_about_salmonella.txt,5,0.618664,0.606041,458,"Salmonella spreads through contaminated food (especially poultry, eggs, beef, and produce), contact with animals, and contaminated water. Diagnosis is by stool ",cdc_about_salmonella.txt,34.491
sentence_window,q6,What precautions reduce E. coli contamination risk in ground beef at a grocery store?,NONE (no matching document exists in the corpus -- intentional probe question),1,0.694396,0.599414,1369,These products should be thrown away or returned to the place of purchase. FSIS routinely conducts recall effectiveness checks to verify recalling firms notify ,fsis_ground_beef_ecoli_2026.txt,34.427
sentence_window,q6,What precautions reduce E. coli contamination risk in ground beef at a grocery store?,NONE (no matching document exists in the corpus -- intentional probe question),2,0.655869,0.498275,1483,"Our annual summaries provide an overview of each year's recalls by class, reason and product. Explore the Annual Summaries USDA Recall Classifications Class I -",fsis_ground_beef_ecoli_2026.txt,34.427
sentence_window,q6,What precautions reduce E. coli contamination risk in ground beef at a grocery store?,NONE (no matching document exists in the corpus -- intentional probe question),3,0.655603,0.44672,2342,"Let's Talk Turkey Roasting Poultry Processing: Questions & Answers Poultry: Basting, Brining, and Marinating Stuffing and Food Safety The Poultry Label Says ""Fr",fsis_ground_beef_ecoli_2026.txt,34.427
sentence_window,q6,What precautions reduce E. coli contamination risk in ground beef at a grocery store?,NONE (no matching document exists in the corpus -- intentional probe question),4,0.648985,0.39108,2831,"Food Safety While Hiking, Camping & Boating Conceptos Básicos de Seguridad Alimentaria Your Guide to Safe Spring Holiday Meals Meat & Catfish Bacon and Food Saf",fsis_ground_beef_ecoli_2026.txt,34.427
sentence_window,q6,What precautions reduce E. coli contamination risk in ground beef at a grocery store?,NONE (no matching document exists in the corpus -- intentional probe question),5,0.648775,0.204458,686,"Vigorous rehydration and other supportive care is the usual treatment; antibiotic treatment is generally not recommended. Most people recover within a week, but",fsis_ground_beef_ecoli_2026.txt,34.427
