timestamp,failure_rate,call_index,ok,attempts,attempt_outcomes,latency_ms,error
2026-10-02T00:57:42,0.0,1,True,1,ok,7.56,
2026-10-02T00:57:42,0.0,2,True,1,ok,4.62,
2026-10-02T00:57:42,0.0,3,True,1,ok,3.01,
2026-10-02T00:57:42,0.0,4,True,1,ok,3.91,
2026-10-02T00:57:42,0.0,5,True,1,ok,4.21,
2026-10-02T00:57:42,0.0,6,True,1,ok,3.67,
2026-10-02T00:57:42,0.0,7,True,1,ok,2.5,
2026-10-02T00:57:42,0.0,8,True,1,ok,2.17,
2026-10-02T00:57:42,0.0,9,True,1,ok,2.29,
2026-10-02T00:57:42,0.0,10,True,1,ok,2.81,
2026-10-02T00:57:42,0.0,11,True,1,ok,5.07,
2026-10-02T00:57:42,0.0,12,True,1,ok,2.33,
2026-10-02T00:57:42,0.0,13,True,1,ok,2.28,
2026-10-02T00:57:42,0.0,14,True,1,ok,2.07,
2026-10-02T00:57:42,0.0,15,True,1,ok,3.16,
2026-10-02T00:57:42,0.0,16,True,1,ok,3.68,
2026-10-02T00:57:42,0.0,17,True,1,ok,3.4,
2026-10-02T00:57:42,0.0,18,True,1,ok,1.97,
2026-10-02T00:57:42,0.0,19,True,1,ok,1.97,
2026-10-02T00:57:42,0.0,20,True,1,ok,1.83,
2026-10-02T00:57:42,0.0,21,True,1,ok,2.12,
2026-10-02T00:57:42,0.0,22,True,1,ok,3.23,
2026-10-02T00:57:42,0.0,23,True,1,ok,5.24,
2026-10-02T00:57:42,0.0,24,True,1,ok,3.1,
2026-10-02T00:57:42,0.0,25,True,1,ok,2.25,
2026-10-02T00:57:42,0.0,26,True,1,ok,2.41,
2026-10-02T00:57:42,0.0,27,True,1,ok,2.01,
2026-10-02T00:57:42,0.0,28,True,1,ok,3.02,
2026-10-02T00:57:42,0.0,29,True,1,ok,2.33,
2026-10-02T00:57:42,0.0,30,True,1,ok,2.3,
2026-10-02T00:57:42,0.0,31,True,1,ok,2.64,
2026-10-02T00:57:42,0.0,32,True,1,ok,2.06,
2026-10-02T00:57:42,0.0,33,True,1,ok,1.83,
2026-10-02T00:57:42,0.0,34,True,1,ok,1.74,
2026-10-02T00:57:42,0.0,35,True,1,ok,1.68,
2026-10-02T00:57:42,0.0,36,True,1,ok,2.16,
2026-10-02T00:57:42,0.0,37,True,1,ok,2.15,
2026-10-02T00:57:42,0.0,38,True,1,ok,2.27,
2026-10-02T00:57:42,0.0,39,True,1,ok,2.09,
2026-10-02T00:57:42,0.0,40,True,1,ok,1.8,
2026-10-02T00:57:42,0.0,41,True,1,ok,1.89,
2026-10-02T00:57:42,0.0,42,True,1,ok,1.97,
2026-10-02T00:57:42,0.0,43,True,1,ok,1.93,
2026-10-02T00:57:42,0.0,44,True,1,ok,2.67,
2026-10-02T00:57:42,0.0,45,True,1,ok,2.51,
2026-10-02T00:57:42,0.0,46,True,1,ok,2.11,
2026-10-02T00:57:42,0.0,47,True,1,ok,2.16,
2026-10-02T00:57:42,0.0,48,True,1,ok,1.96,
2026-10-02T00:57:42,0.0,49,True,1,ok,1.77,
2026-10-02T00:57:42,0.0,50,True,1,ok,1.81,
2026-10-02T00:57:42,0.2,1,True,1,ok,2.01,
2026-10-02T00:57:42,0.2,2,True,1,ok,3.31,
2026-10-02T00:57:42,0.2,3,True,1,ok,2.32,
2026-10-02T00:57:42,0.2,4,True,1,ok,1.83,
2026-10-02T00:57:42,0.2,5,True,2,fail|ok,110.02,
2026-10-02T00:57:42,0.2,6,True,1,ok,2.64,
2026-10-02T00:57:42,0.2,7,True,1,ok,2.39,
2026-10-02T00:57:43,0.2,8,False,3,fail|fail|fail,308.48,storage error: StorageUnavailable
2026-10-02T00:57:43,0.2,9,True,1,ok,6.27,
2026-10-02T00:57:43,0.2,10,True,1,ok,2.82,
2026-10-02T00:57:43,0.2,11,True,1,ok,2.18,
2026-10-02T00:57:43,0.2,12,True,1,ok,2.02,
2026-10-02T00:57:43,0.2,13,True,2,fail|ok,111.54,
2026-10-02T00:57:43,0.2,14,True,1,ok,3.95,
2026-10-02T00:57:43,0.2,15,True,1,ok,2.16,
2026-10-02T00:57:43,0.2,16,True,1,ok,2.06,
2026-10-02T00:57:43,0.2,17,True,1,ok,2.0,
2026-10-02T00:57:43,0.2,18,True,1,ok,2.23,
2026-10-02T00:57:43,0.2,19,True,1,ok,2.08,
2026-10-02T00:57:43,0.2,20,True,1,ok,1.97,
2026-10-02T00:57:43,0.2,21,True,1,ok,1.94,
2026-10-02T00:57:43,0.2,22,True,1,ok,1.94,
2026-10-02T00:57:43,0.2,23,True,1,ok,2.06,
2026-10-02T00:57:43,0.2,24,True,1,ok,1.93,
2026-10-02T00:57:43,0.2,25,True,1,ok,1.93,
2026-10-02T00:57:43,0.2,26,True,1,ok,2.56,
2026-10-02T00:57:43,0.2,27,True,1,ok,2.21,
2026-10-02T00:57:43,0.2,28,False,3,fail|fail|fail,308.5,storage error: StorageUnavailable
2026-10-02T00:57:43,0.2,29,True,1,ok,6.08,
2026-10-02T00:57:43,0.2,30,True,1,ok,4.23,
2026-10-02T00:57:43,0.2,31,True,1,ok,2.64,
2026-10-02T00:57:43,0.2,32,True,1,ok,2.39,
2026-10-02T00:57:43,0.2,33,True,2,fail|ok,105.03,
2026-10-02T00:57:43,0.2,34,True,1,ok,4.83,
2026-10-02T00:57:43,0.2,35,True,1,ok,2.88,
2026-10-02T00:57:43,0.2,36,True,1,ok,2.26,
2026-10-02T00:57:43,0.2,37,True,1,ok,2.1,
2026-10-02T00:57:43,0.2,38,True,1,ok,2.08,
2026-10-02T00:57:43,0.2,39,True,1,ok,2.59,
2026-10-02T00:57:43,0.2,40,True,1,ok,4.18,
2026-10-02T00:57:43,0.2,41,True,1,ok,2.72,
2026-10-02T00:57:43,0.2,42,True,1,ok,2.27,
2026-10-02T00:57:43,0.2,43,True,1,ok,1.99,
2026-10-02T00:57:43,0.2,44,True,1,ok,1.84,
2026-10-02T00:57:43,0.2,45,True,1,ok,2.49,
2026-10-02T00:57:43,0.2,46,True,1,ok,2.56,
2026-10-02T00:57:43,0.2,47,True,1,ok,3.77,
2026-10-02T00:57:43,0.2,48,True,1,ok,2.45,
2026-10-02T00:57:43,0.2,49,True,1,ok,2.15,
2026-10-02T00:57:43,0.2,50,True,1,ok,2.31,
2026-10-02T00:57:43,0.5,1,True,2,fail|ok,110.59,
2026-10-02T00:57:44,0.5,2,False,3,fail|fail|fail,307.18,storage error: StorageUnavailable
2026-10-02T00:57:44,0.5,3,True,1,ok,7.71,
2026-10-02T00:57:44,0.5,4,True,2,fail|ok,111.32,
2026-10-02T00:57:44,0.5,5,False,3,fail|fail|fail,309.23,storage error: StorageUnavailable
2026-10-02T00:57:45,0.5,6,True,3,fail|fail|ok,317.23,
2026-10-02T00:57:45,0.5,7,False,3,fail|fail|fail,308.02,storage error: StorageUnavailable
2026-10-02T00:57:45,0.5,8,True,1,ok,5.92,
2026-10-02T00:57:45,0.5,9,True,2,fail|ok,113.67,
2026-10-02T00:57:45,0.5,10,True,3,fail|fail|ok,317.95,
2026-10-02T00:57:45,0.5,11,True,1,ok,3.93,
2026-10-02T00:57:46,0.5,12,True,3,fail|fail|ok,315.63,
2026-10-02T00:57:46,0.5,13,True,1,ok,2.52,
2026-10-02T00:57:46,0.5,14,True,1,ok,2.21,
2026-10-02T00:57:46,0.5,15,True,1,ok,2.08,
2026-10-02T00:57:46,0.5,16,False,3,fail|fail|fail,306.66,storage error: StorageUnavailable
2026-10-02T00:57:46,0.5,17,True,2,fail|ok,108.45,
2026-10-02T00:57:46,0.5,18,True,1,ok,2.64,
2026-10-02T00:57:46,0.5,19,True,1,ok,2.34,
2026-10-02T00:57:46,0.5,20,True,1,ok,2.28,
2026-10-02T00:57:46,0.5,21,True,2,fail|ok,109.75,
2026-10-02T00:57:46,0.5,22,False,3,fail|fail|fail,306.83,storage error: StorageUnavailable
2026-10-02T00:57:46,0.5,23,True,1,ok,4.96,
2026-10-02T00:57:46,0.5,24,True,1,ok,2.22,
2026-10-02T00:57:47,0.5,25,True,2,fail|ok,111.74,
2026-10-02T00:57:47,0.5,26,True,1,ok,2.49,
2026-10-02T00:57:47,0.5,27,True,1,ok,2.03,
2026-10-02T00:57:47,0.5,28,True,1,ok,1.96,
2026-10-02T00:57:47,0.5,29,True,2,fail|ok,111.27,
2026-10-02T00:57:47,0.5,30,True,1,ok,4.86,
2026-10-02T00:57:47,0.5,31,True,1,ok,2.96,
2026-10-02T00:57:47,0.5,32,True,1,ok,2.34,
2026-10-02T00:57:47,0.5,33,True,1,ok,2.29,
2026-10-02T00:57:47,0.5,34,True,1,ok,2.24,
2026-10-02T00:57:47,0.5,35,True,2,fail|ok,108.84,
2026-10-02T00:57:47,0.5,36,True,1,ok,3.95,
2026-10-02T00:57:47,0.5,37,True,2,fail|ok,112.24,
2026-10-02T00:57:47,0.5,38,True,1,ok,3.69,
2026-10-02T00:57:47,0.5,39,True,2,fail|ok,110.87,
2026-10-02T00:57:47,0.5,40,True,1,ok,2.42,
2026-10-02T00:57:47,0.5,41,True,1,ok,2.11,
2026-10-02T00:57:47,0.5,42,True,1,ok,2.5,
2026-10-02T00:57:47,0.5,43,True,2,fail|ok,109.84,
2026-10-02T00:57:47,0.5,44,True,3,fail|fail|ok,314.12,
2026-10-02T00:57:47,0.5,45,True,1,ok,2.94,
2026-10-02T00:57:47,0.5,46,True,1,ok,2.1,
2026-10-02T00:57:48,0.5,47,True,2,fail|ok,109.09,
2026-10-02T00:57:48,0.5,48,True,2,fail|ok,112.54,
2026-10-02T00:57:48,0.5,49,True,2,fail|ok,110.66,
2026-10-02T00:57:48,0.5,50,True,3,fail|fail|ok,310.46,
